,query
0,13 воин
1,13 грехов
2,13 ж
3,13 жи
4,13 жиз
5,13 жизн
6,13 жизне
7,13 жизней
8,13 зада
9,13 к
10,13 карт
11,13 кл
12,13 кли
13,13 клин
14,13 клини
15,13 клинич
16,13 клиниче
17,13 клиничес
18,13 клиническа
19,13 клиническая
20,13 п
21,13 пр
22,13 при
23,13 причин
24,13 причин почему
25,13 р
26,13 район
27,13 солдат
28,13 ч
29,13 ча
30,13 часов
31,13 этаж
32,13 эттаж
33,13 эхтаж
34,138 часов
35,14 продолж
36,140
37,1408
38,148
39,15 13
40,1612 хро
41,17 03
42,17 весны
43,17 мгновений
44,17 мгновений весны
45,17 мнговений весны
46,170
47,1703
48,1703 2 се
49,1703 7 сер
50,18 14
51,18 американский
52,18 п
53,18 св
54,18 смотреть фильмы
55,18 ф
56,1812
57,189
58,1899
59,19 оттенков
60,191
61,1917
62,1922
63,194
64,1941
65,1947
66,198
67,1984
68,1988
69,1990
70,1995
71,1996
72,1999
73,2 1
74,2 jkvf
75,2 p
76,2 дюйма
77,2 исерия тролей
78,2 механик
79,2 невест
80,2 плюс 3 в пользу
81,2 свадьба
82,2 сезон султан моего сердца все серии
83,2 ствола
84,2 х
85,2 холма
86,2 часть тролли
87,20 месяцев смотреть сказку
88,200
89,2000
90,2001 a space travesty
91,201
92,2012
93,2012 паук новый
94,2019
95,202
96,2020
97,2021
98,2021 о любви
99,2021 три богатыря
100,2021 уб
101,2021 фы
102,2022
103,2022 фентази
104,2023
105,2049
106,205 серея барбоски
107,2067
108,21 й
109,21 мили
110,21 мост
111,21 плюс
112,2199 космическая одиссея
113,22 мили
114,22 п
115,22 пу
116,22 пул
117,22 пули
118,24 т
119,24 часа
120,25 7
121,256
122,257
123,257 желаний чтобы жить
124,27 садик
125,28 дней
126,28 дней спустя
127,28 днкй
128,28 к
129,28 недел
130,3 000 желаниййй
131,3 000 лет желание
132,3 000 лет желаний
133,3 000 лет желаний триллер 2022 года
134,3 d
135,3 d пиранье
136,3 d фильмы
137,3 аступни
138,3 б
139,3 богатыря
140,3 богатыря и ход у
141,3 д
142,3 д фильмы
143,3 дня на побег
144,3 емля будуще
145,3 к
146,3 как приручить дракона
147,3 кота
148,3 кота и м
149,3 лишний
150,3 м
151,3 ме
152,3 мет
153,3 метр
154,3 метра
155,3 метра над
156,3 метра над уровнем неба
157,3 поро
158,3 сезон основание османа
159,3 секунды
160,3 тысячи
161,30 0000
162,30 017 фильм
163,30 д
164,30 лет под землёй
165,30 сереб
166,300
167,300 с
168,300 сп
169,300 спа
170,300 спар
171,300 спарт
172,300 спарта
173,300 спартан
174,300 спартанц
175,300 спартанце
176,300 спартанцев
177,300 спартанцев расс
178,300 спартцев
179,3000
180,3000 ет
181,3000 л
182,3000 ле
183,3000 лет
184,3000 лет ж
185,3000 лет же
186,3000 лет желаний
187,3000 лет желанй
188,3000 тыс лет
189,3000 тысячи лет желан
190,309
191,3096
192,3096 дней
193,31 бр 1 п 1 а 21 ват 0 в капкан
194,314
195,33 атенок серого
196,33 котёнка
197,33 несчастья
198,355
199,365
200,365 д
201,365 дн
202,365 дне
203,365 дней
204,365 дней 2
205,365 дней польша
206,37 2 утрои
207,4 k
208,4 k hdr
209,4 k hdr test
210,4 k ultra
211,4 k паразиты
212,4 k фильмы
213,4 r
214,4 вид
215,4 к
216,4 к кунг
217,4 к фильмы
218,4 комнаты
219,4 часть мадагаскар
220,4 эшелон
221,40 свиданий
222,41 серия постучись в мою дверь 1 сезон
223,438
224,4400
225,451
226,47 ронинов
227,5 32
228,5 б
229,5 волна
230,5 к
231,5 ка
232,5 кан
233,5 канал
234,5 м
235,5 ми
236,5 мин
237,5 мину
238,5 минут
239,5 минут тишины
240,5 минут тишины симбирские морозы 9 серия
241,5 о о
242,5 эе
243,5 элемент
244,50 о
245,50 от
246,50 оте
247,50 отен
248,50 отенк
249,50 отенко
250,50 отенков
251,50 отенков сво
252,50 отенков серого
253,50 отт
254,50 отте
255,50 оттен
256,50 оттенк
257,50 оттенко
258,50 оттенкоа
259,50 оттенков
260,50 оттенков 3
261,50 оттенков с
262,50 оттенков свободы
263,50 оттенков се
264,50 оттенков сего
265,50 оттенков серого
266,50 оттенков серр
267,50 оттенков темнее
268,50 оттенкоо
269,50 оттеньков серого
270,50 суток
271,500
272,500 дней лета
273,500 дней лтеа
274,6 демонов
275,6 дней 7 ночей
276,66 серия основание осман
277,7 bea 2 bfc 9253 4 f 9 d 8 a 19 e 8 ad 93787 e 55
278,7 дней и ночей с мерилин
279,7 ж
280,7 жи
281,7 жизней
282,7 лет в тибете
283,7 с
284,7 свадеб смотреть
285,7 сесте
286,7 сы
287,7 ча
288,72 метра
289,8 k
290,8 женщин
291,8 м
292,8 ми
293,8 мил
294,8 миля
295,8 п
296,8 первых
297,8 по
298,8 под
299,8 подр
